,Date,Title,Author,Item Link,Journal,Pub-Type,Isbn
0,2016-04-27 16:14:23,Centre for Mental Health | Mental health and criminal justice,,http://www.centreformentalhealth.org.uk/mh-criminal-justice,,,
1,2018-12-12 12:27:28,Supplementary guidance for criminal justice intervention teams - GOV.UK,,https://www.gov.uk/government/publications/supplementary-guidance-for-criminal-justice-intervention-teams,,,
2,2016-08-31 12:01:53,Autism screening to improve criminal justice system | CWP,,http://www.cwp.nhs.uk/news-and-blogs/news/autism-screening-to-improve-criminal-justice-system/,,,
3,2017-01-18 11:45:01,New advice on reducing health inequalities in the criminal justice system - News stories - GOV.UK,,https://www.gov.uk/government/news/new-advice-on-reducing-health-inequalities-in-the-criminal-justice-system,,,
4,2017-12-12 15:57:41,Lancashire Care NHS Foundation Trust | Criminal Justice Liaison and Diversion Service's Wellbeing Programme Success!,,https://www.lancashirecare.nhs.uk/blog/Criminal+Justice+Liaison+and+Diversion+Service%26%23039%3Bs++Wellbeing+Programme+Success%21,,,
5,2016-07-20 14:36:17,Preventing Criminal Recidivism Through Mental Health and Criminal Justice Collaboration | Psychiatric Services,,http://ps.psychiatryonline.org/doi/abs/10.1176/appi.ps.201500384?af=R,,,
6,2016-10-12 18:13:07,NICE address mental health within the criminal justice system | News and features | News | NICE,,https://www.nice.org.uk/news/article/nice-address-mental-health-within-the-criminal-justice-system,,,
7,2017-08-16 13:17:22,The Criminal Justice System,,http://www.criminal-justice-system.gov.uk/,,,
8,2017-04-06 16:40:14,"Checks needed every year for people with a mental health problem in the criminal justice system, says NICE | News and features | News | NICE",,https://www.nice.org.uk/news/article/people-in-contact-with-the-criminal-justice-system-should-undergo-mental-health-checks-every-year-says-nice,,,
9,2022-02-01 18:20:51,Mental health services are failing the criminal justice system | The BMJ,,https://www.bmj.com/content/376/bmj-2021-069776.short?rss=1,,,
10,2016-04-27 15:14:11,Minister discusses young adult offender treatment in criminal justice system - News from Parliament - UK Parliament,,http://www.parliament.uk/business/committees/committees-a-z/commons-select/justice-committee/news-parliament-20151/young-offenders-treatment-evidence-15-16/,,,
11,2015-12-16 17:46:13,Criminal justice pathways to psychiatric care for psychosis | The British Journal of Psychiatry,,http://bjp.rcpsych.org/content/207/6/523?rss=1,,,
12,2019-06-12 12:03:53,Miscarriages of justice and expert psychiatric evidence: lessons from criminal appeals in England and Wales | BJPsych Advances | Cambridge Core,,https://www.cambridge.org/core/journals/bjpsych-advances/article/miscarriages-of-justice-and-expert-psychiatric-evidence-lessons-from-criminal-appeals-in-england-and-wales/85A792518794C80EC96649D3D04EF38D,,,
13,2008-11-08 19:37:53,Criminal Justice Process Simulation Software,,http://www.lanner.com/en/industries/industry.cfm?theIndustryID=C52EDA1B-15C5-F4C0-99A192DAC74E1DF7,,,
14,2016-10-26 12:39:42,Young adults in criminal justice system: change in policy needed - News from Parliament - UK Parliament,,http://www.parliament.uk/business/committees/committees-a-z/commons-select/justice-committee/news-parliament-20151/young-adults-criminal-justice-system-report-launch-16-17/,,,
15,2016-07-06 12:19:21,Forensic CAMHS team improve young people’s criminal justice pathway - South West Yorkshire Partnership NHS Foundation Trust,,http://www.southwestyorkshire.nhs.uk/news/articles/2016/06/forensic-camhs-team-improve-young-peoples-criminal-justice-pathway/,,,
16,2019-12-15 00:59:43,EID SSEDIC FP7 deliverable D3.3.2 Criminal Justice,,http://www.eid-ssedic.eu/images/stories/pdf/deliverables2013/D3.3.2%20Criminal%20Justice.pdf,,,
17,2019-09-04 11:21:28,Mental health in the criminal justice system: A pathways approach to service and research design - Forrester - - Criminal Behaviour and Mental Health - Wiley Online Library,,https://onlinelibrary.wiley.com/doi/abs/10.1002/cbm.2128?af=R,,,
18,2018-02-20 15:54:46,Mental health of adults in contact with the criminal justice system | Guidance and guidelines | NICE,,https://www.nice.org.uk/guidance/qs163,,,
19,2017-09-06 17:14:04,"First-Episode Psychosis and the Criminal Justice System: Using a Sequential Intercept Framework to Highlight Risks and Opportunities: Psychiatric Services: Vol 0, No 0",,http://ps.psychiatryonline.org/doi/abs/10.1176/appi.ps.201700313?af=R,,,
20,2016-06-22 17:11:55,Criminal Justice Contact and Treatment Utilization Among People With Mental Illness and Substance Use Disorders | Psychiatric Services,,http://ps.psychiatryonline.org/doi/abs/10.1176/appi.ps.201500381?af=R,,,
21,2018-07-04 15:56:58,Medication-Assisted Treatment for Alcohol-Dependent Adults With Serious Mental Illness and Criminal Justice Involvement: Effects on Treatment Utilization and Outcomes | American Journal of Psychiatry,,https://ajp.psychiatryonline.org/doi/abs/10.1176/appi.ajp.2018.17060688?af=R,,,
22,2017-08-16 13:17:22,Criminal Justice Subject Section Homepage: SLS : Society of Legal Scholars,,http://www.legalscholars.ac.uk/sections/section_homepage.cfm?id=1,,,
23,2019-04-10 14:36:36,Criminal justice outcomes over 5 years after randomization to buprenorphine‐naloxone or methadone treatment for opioid use disorder - Evans - - Addiction - Wiley Online Library,,https://onlinelibrary.wiley.com/doi/abs/10.1111/add.14620?af=R,,,
24,2017-09-06 17:12:50,"Adverse Childhood Experiences and the Risk of Criminal Justice Involvement and Victimization Among Homeless Adults With Mental Illness: Psychiatric Services: Vol 0, No 0",,http://ps.psychiatryonline.org/doi/abs/10.1176/appi.ps.201600330?af=R,,,
25,2017-03-01 12:12:44,Cost-Effectiveness of Extended Release Naltrexone to Prevent Relapse among Criminal-Justice-Involved Persons with a History of Opioid Use Disorder - Murphy - 2017 - Addiction - Wiley Online Library,,http://onlinelibrary.wiley.com/doi/10.1111/add.13807/abstract,,,
26,2006-08-26 22:13:40,"Online University Online MBAs, Criminal Justice, Business Administration Degrees, and more at C",,http://www.columbiasouthern.edu/,,,
27,2018-12-05 17:50:24,"Referrals to a mental health criminal justice Liaison and diversion team in the North East of England: The Journal of Forensic Psychiatry & Psychology: Vol 0, No 0",,https://www.tandfonline.com/doi/abs/10.1080/14789949.2018.1544266?journalCode=rjfp20,,,
28,2008-09-23 22:13:06,Every child to be screened for risk of turning criminal under Blair justice plan |,,http://www.guardian.co.uk/politics/2007/mar/28/ukcrime.prisonsandprobation,,,
29,2018-11-28 12:47:15,National protocol on reducing criminalisation of looked-after children - GOV.UK,,https://www.gov.uk/government/publications/national-protocol-on-reducing-criminalisation-of-looked-after-children,,,
30,2017-08-16 13:17:10,"An inmate’s right to die: legal and ethical considerations in death row volunteering - Criminal Justice Studies - Volume 26, Issue 2",,http://www.tandfonline.com/doi/abs/10.1080/1478601X.2012.720575,,,
31,2016-11-02 10:39:34,NHS England » We have to do more to protect vulnerable adults caught up in the criminal justice system – Peter McCabe,,https://www.england.nhs.uk/2016/10/peter-mccabe/,,,
32,2019-01-30 16:23:49,Parallel‐process trajectories of exposure to violence and psychological distress among justice‐involved youth - Reid - - Criminal Behaviour and Mental Health - Wiley Online Library,,https://onlinelibrary.wiley.com/doi/abs/10.1002/cbm.2108?af=R,,,
33,2019-07-02 11:45:15,Home Page of Ping Ji,,https://scholar.google.com/citations?user=SjkjEtQAAAAJ,,,
34,2018-09-19 09:16:45,Development of a screen to identify individuals who may need support with their learning - GOV.UK,,https://www.gov.uk/government/publications/development-of-a-screen-to-identify-individuals-who-may-need-support-with-their-learning,,,
35,2018-12-05 16:48:00,The national protocol on reducing unnecessary criminalisation of looked-after children and care leavers - Social Care Online,,"https://www.scie-socialcareonline.org.uk/the-national-protocol-on-reducing-unnecessary-criminalisation-of-looked-after-children-and-care-leavers/r/a110f00000NXzU6AAL?emliid=003G000002ARqpsIAD-Ia110f00000NXzU6AAL-20181204&utm_campaign=10093932_2%20-%20Your%20saved%20search%20update&utm_medium=email&utm_source=SCIE&utm_sfid=003G000002ARqpsIAD&utm_role=Information%20specialist%2F%20Librarian&dm_i=4O5,60CJ0,IT0RQ9,NK0EU,1",,,
36,2019-04-24 17:41:32,"The crime, mental health, and economic impacts of prearrest diversion of people with mental health problems: A systematic review - Schucan Bird - - Criminal Behaviour and Mental Health - Wiley Online Library",,https://onlinelibrary.wiley.com/doi/abs/10.1002/cbm.2112?af=R,,,
37,2016-01-18 12:21:04,JUSTICE,,http://www.justice.org.uk/,,,
38,2016-01-13 11:20:25,Young adult offenders further evidence - News from Parliament - UK Parliament,,http://www.parliament.uk/business/committees/committees-a-z/commons-select/justice-committee/news-parliament-20151/young-adult-offenders-evidence-15-161/,,,
39,2018-02-06 13:52:40,Mental health services excluding the most at risk | London City Hall,,https://www.london.gov.uk/about-us/london-assembly/london-assembly-publications/mental-health-services-excluding-most-risk,,,
40,2018-02-03 23:16:14,One Probe Is Over for Career Ed. Corp. - Archives - The Chronicle of Higher Education,,http://chronicle.com/article/One-Probe-Is-Over-for-Career/3202/,,,
41,2017-01-11 15:37:30,Learning disabilities: identifying and managing mental health problems | Guidance and guidelines | NICE,,https://www.nice.org.uk/guidance/qs142,,,
42,2017-04-12 17:24:17,"Information pathways into prison mental health care: The Journal of Forensic Psychiatry & Psychology: Vol 0, No 0",,http://www.tandfonline.com/doi/full/10.1080/14789949.2017.1308538,,,
43,2019-05-23 15:31:21,Committee publishes report on the social impact of participation in culture and sport - News from Parliament - UK Parliament,,https://www.parliament.uk/business/committees/committees-a-z/commons-select/digital-culture-media-and-sport-committee/news/social-impact-report-published-17-19/,,,
44,2016-11-23 21:24:17,The Weird Things go down a storm at The Hellingly Centre | Sussex Partnership NHS Foundation Trust,,http://www.sussexpartnership.nhs.uk/whats-new/weird-things-go-down-storm-hellingly-centre,,,
45,2017-11-14 16:10:43,Unique Hampshire stalking clinic gets government funding | Southern Health NHS Foundation Trust,,http://www.southernhealth.nhs.uk/news/stalking-clinic-gets-government-funding/,,,
46,2017-07-18 16:00:50,New film to help people with learning disabilities - Avon and Wiltshire Mental Health Partnership NHS Trust,,http://www.awp.nhs.uk/news-publications/trust-news/2017/july/new-film-to-help-people-with-learning-disabilities/,,,
47,2017-11-21 15:40:58,How effective are interventions to improve social outcomes among offenders with personality disorder: a systematic review | BMC Psychiatry | Full Text,,https://bmcpsychiatry.biomedcentral.com/articles/10.1186/s12888-017-1536-3,,,
48,2018-02-03 23:15:35,Detroit's Leadership Class Has A University Of Phoenix Problem –  Deadline Detroit,,http://www.deadlinedetroit.com/articles/7060/detroit_s_leadership_class_has_a_university_of_phoenix_problem#.UtwnI7TfPIU,,,
49,2016-09-14 17:39:23,"Mental health problems in people with learning disabilities: prevention, assessment and management | Guidance and guidelines | NICE",,https://www.nice.org.uk/guidance/NG54,,,
50,2017-08-16 13:17:09,Supreme Court of Canada Grants Leave to Appeal in Physician Assisted Dying Case - CCLA Rights Watch … La veille sur les droits et libertés,,http://www.ccla.org/rightswatch/2014/01/18/supreme-court-of-canada-grants-leave-to-appeal-in-physician-assisted-dying-case/,,,
51,2017-09-12 11:59:40,Gypsies and Travellers - Commons Library briefing - UK Parliament,,http://researchbriefings.parliament.uk/ResearchBriefing/Summary/CBP-8083,,,
52,2008-09-25 12:01:51,DoJ to Senate: don't make us be Big Content's copyright cops,,http://arstechnica.com/news.ars/post/20080924-doj-to-senate-dont-make-us-be-big-contents-copyright-cops.html,,,
53,2019-10-02 17:32:04,Community reintegration of people with mental health problems or learning disabilities from prison -- Learning Disability Practice,,https://journals.rcni.com/learning-disability-practice/evidence-and-practice/community-reintegration-of-people-with-mental-health-problems-or-learning-disabilities-from-prison-ldp.2019.e2009/print/abs,,,
54,2017-08-16 13:17:13,Assisted suicide: strengthening the right of self-determination,,http://www.ejpd.admin.ch/content/ejpd/en/home/dokumentation/mi/2011/2011-06-29.html,,,
55,2018-06-27 16:53:11,The economic consequences of attention-deficit hyperactivity disorder in the Scottish prison system | BMC Psychiatry | Full Text,,https://bmcpsychiatry.biomedcentral.com/articles/10.1186/s12888-018-1792-x,,,
56,2018-05-01 12:54:22,The impact of substance use disorders on treatment engagement among justice-involved veterans with posttraumatic stress disorder - ProQuest,,https://search.proquest.com/docview/2032541856?accountid=49126,,,
57,2017-04-12 16:04:14,Experiences of going to court: Witnesses with intellectual disabilities and their carers speak up - Beckene - 2017 - Journal of Applied Research in Intellectual Disabilities - Wiley Online Library,,http://onlinelibrary.wiley.com/doi/10.1111/jar.12334/abstract?systemMessage=Pay+Per+View+on+Wiley+Online+Library+will+be+unavailable+on+Saturday+15th+April+from+12%3A00-09%3A00+EDT+for+essential+maintenance.++Apologies+for+the+inconvenience.,,,
58,2016-08-24 15:50:35,Violence risk assessment and psychological treatment in correctional and forensic settings: Advances in research and practice. - ProQuest,,http://search.proquest.com/docview/1812942542?accountid=49126,,,
59,2017-01-11 15:14:05,CQC and HMI Prisons to set out how they will work together to inspect prisons in England | Care Quality Commission,,http://www.cqc.org.uk/content/cqc-and-hmi-prisons-set-out-how-they-will-work-together-inspect-prisons-england,,,
60,2014-06-23 15:30:22,"With Spy Charges, U.S. Draws a Line That Few Others Recognize",,http://www.nytimes.com/2014/05/20/us/us-treads-fine-line-in-fighting-chinese-espionage.html?_r=0,,,
61,2019-06-12 13:07:48,"Understanding interpersonal relationships and psychopathy: The Journal of Forensic Psychiatry & Psychology: Vol 0, No 0",,https://www.tandfonline.com/doi/abs/10.1080/14789949.2019.1615102?journalCode=rjfp20,,,
62,2019-04-10 15:33:50,The “appropriate adult”: What they do and what they should do in police interviews with mentally disordered suspects - Farrugia - - Criminal Behaviour and Mental Health - Wiley Online Library,,https://onlinelibrary.wiley.com/doi/abs/10.1002/cbm.2111?af=R,,,
63,2017-01-18 12:34:33,Faulty by design. The state of public-service commissioning | Reform,,http://www.reform.uk/publication/faulty-by-design/,,,
64,2014-07-24 20:13:52,Better Outcomes for Public Services | The Mowat Centre,,http://mowatcentre.ca/better-outcomes-for-public-services/,,,
65,2019-07-10 12:15:53,New service to support people with learning disabilities and autism | South West Yorkshire Partnership NHS Foundation Trust,,https://www.southwestyorkshire.nhs.uk/2019/07/01/new-service-to-support-people-with-learning-disabilities-and-autism/,,,
66,2019-09-04 11:25:07,What next for adolescent forensic mental health research? - Hales - - Criminal Behaviour and Mental Health - Wiley Online Library,,https://onlinelibrary.wiley.com/doi/abs/10.1002/cbm.2124?af=R,,,
67,2017-01-05 11:09:25,Psychoactive substances ban 6 months on: almost 500 arrests and first convictions - Press releases - GOV.UK,,https://www.gov.uk/government/news/psychoactive-substances-ban-6-months-on-almost-500-arrests-and-first-convictions,,,
68,2015-10-25 14:51:50,Defendants should be able to inspect software code used in forensics.,,http://www.slate.com/blogs/future_tense/2015/10/06/defendants_should_be_able_to_inspect_software_code_used_in_forensics.html,,,
69,2017-08-09 17:33:00,"Future strategies for behaviours that challenge : Learning Disability Practice: Vol. 20, No. 4 (RCNi)",,http://journals.rcni.com/doi/abs/10.7748/ldp.20.4.16.s20?af=R,,,
70,2018-11-14 12:46:05,Conceptualizing restorative justice for people with mental illnesses leaving prison or jail - ProQuest,,https://search.proquest.com/docview/2130976886?accountid=49126,,,
71,2017-01-05 17:29:50,"Demographic and clinical characteristics of 1092 consecutive police custody mental health referrals: The Journal of Forensic Psychiatry & Psychology: Vol 0, No 0",,http://www.tandfonline.com/doi/full/10.1080/14789949.2016.1269357,,,
72,2018-05-01 17:38:15,Public mental health crisis management and Section 136 of the Mental Health Act | Journal of Medical Ethics,,http://jme.bmj.com/content/44/5/349?rss=1,,,
73,2016-07-13 17:03:29,Moving Away from Social Work and Half Way Back Again: New Research on Skills in Probation | The British Journal of Social Work,,http://bjsw.oxfordjournals.org/content/46/4/1131.short?rss=1,,,
74,2016-12-21 15:09:55,Peer mentor graduation - Avon and Wiltshire Mental Health Partnership NHS Trust,,http://www.awp.nhs.uk/news-publications/trust-news/2016/december/peer-mentor-graduation/,,,
75,2014-10-14 15:28:24,Former Prime Minister Tony Blair subjected to citizen's arrest attempt at top London restaurant Tramshed over 'war in Iraq' - BelfastTelegraph.co.uk,,http://www.belfasttelegraph.co.uk/news/local-national/uk/former-prime-minister-tony-blair-subjected-to-citizens-arrest-attempt-at-top-london-restaurant-tramshed-over-war-in-iraq-29933201.html,,,
76,2016-08-03 14:42:20,"Reflections on Working with Vulnerable Women: Connecting, Cans of Worms, Closures and Coping",,http://bjsw.oxfordjournals.org/content/46/5/1336.short?rss=1,,,
77,2016-07-06 14:21:05,Eyewitness recall and suggestibility in individuals with Down syndrome - Collins - 2016 - Journal of Intellectual Disability Research - Wiley Online Library,,http://onlinelibrary.wiley.com/doi/10.1111/jir.12310/abstract,,,
78,2017-01-05 17:09:02,Oxford Health services win Howard League award | Oxford Health,,http://www.oxfordhealth.nhs.uk/news/oxford-health-services-win-howard-league-award,,,
79,2017-08-16 13:17:15,German appeal court ruling gives support to right to die campaign -- Stafford 340: c3501 -- BMJ,,http://www.bmj.com/cgi/content/full/340/jun29_4/c3501,,,
80,2017-08-16 13:17:11,B.C. Supreme Court strikes down ban on physician-assisted suicide - The Globe and Mail,,http://www.theglobeandmail.com/news/british-columbia/bc-supreme-court-strikes-down-ban-on-physician-assisted-suicide/article4267631/,,,
81,2012-12-16 15:57:28,PeterMoskos.com,,http://www.petermoskos.com/,,,
82,2017-11-07 12:15:16,Diversion from custody: an update | BJPsych Advances,,http://apt.rcpsych.org/content/23/6/375,,,
83,2017-10-24 17:54:11,Public mental health crisis management and Section 136 of the Mental Health Act | Journal of Medical Ethics,,http://jme.bmj.com/content/early/2017/10/23/medethics-2016-103994?rss=1,,,
84,2018-11-07 17:21:21,Effectiveness of evidence-based psychotherapy for posttraumatic distress within a jail diversion program - ProQuest,,https://search.proquest.com/docview/2129028135?accountid=49126,,,
85,2016-11-23 20:34:14,"Northumberland, Tyne and Wear NHS Foundation Trust - News: How art and poetry are helping patients at NTW's Bamburgh Clinic",,http://www.ntw.nhs.uk/section.php?page=news&t=ln&nid=640,,,
86,2017-08-16 13:17:11,Response of the Attorney General of Canada to the British Columbia Supreme Court Decision on Assisted Suicide,,http://www.justice.gc.ca/eng/news-nouv/nr-cp/2012/doc_32769.html,,,
87,2017-08-16 13:17:11,Landmark assisted suicide case raises ‘arguable grounds for appeal’ - The Globe and Mail,,http://www.theglobeandmail.com/news/politics/landmark-assisted-suicide-case-raises-arguable-grounds-for-appeal/article4299886/,,,
88,2017-08-16 13:17:17,Assisted suicide: DPP unlikely to prosecute relatives who help - Times Online,,http://business.timesonline.co.uk/tol/business/law/article6845582.ece,,,
89,2018-01-02 16:58:03,Selecting a risk assessment tool to use in practice: a 10-point guide | Evidence-Based Mental Health,,http://ebmh.bmj.com/content/early/2017/12/20/eb-2017-102861?rss=1,,,
90,2018-05-08 17:11:53,Selecting a risk assessment tool to use in practice:a 10-point guide | Evidence-Based Mental Health,,http://ebmh.bmj.com/content/21/2/41,,,
91,2018-07-18 12:14:31,"Research into the mental health of prisoners, digested – Research Digest",,https://digest.bps.org.uk/2018/07/13/research-into-the-mental-health-of-prisoners-digested/,,,
92,2017-08-16 13:17:12,Queensland assisted suicide case,,http://www.healthclinics.qut.edu.au/news/news-event.jsp?news-event-id=38818,,,
93,2017-01-25 16:50:33,"Health characteristics of older police custody detainees in London, UK: The Journal of Forensic Psychiatry & Psychology: Vol 0, No 0",,http://www.tandfonline.com/doi/full/10.1080/14789949.2017.1280071,,,
94,2010-11-26 12:55:19,Inter-University Consortium for Political and Social Research (ICPSR),,http://www.icpsr.umich.edu/icpsrweb/ICPSR/index.jsp,,,
95,2017-03-01 17:52:19,"Violence risk assessment: A brief review, current issues, and future directions - ProQuest",,https://search.proquest.com/docview/1863902925?accountid=49126,,,
96,2016-07-13 15:20:53,Assessing effective participation in vulnerable juvenile defendants - The Journal of Forensic Psychiatry & Psychology -,,http://www.tandfonline.com/doi/full/10.1080/14789949.2016.1208264,,,
97,2016-07-06 14:58:12,Restoring ordinariness for women offenders: why every wing matters - The Journal of Forensic Psychiatry & Psychology -,,http://www.tandfonline.com/doi/full/10.1080/14789949.2016.1204466,,,
98,2013-12-26 06:15:55,IDES - Journals,,http://journals.theides.org/,,,
99,2015-11-25 14:14:44,The Facts On Swift Systems In Fitting A Fire Door In Leicester,,http://seoadvice5fd.soup.io/post/644791387/The-Facts-On-Swift-Systems-In-Fitting,,,
100,2018-10-01 07:01:54,Juvenile Justice System in Comparison to Criminal Justice System in India,['Naincy Goyal'],http://www.ijtsrd.com/humanities-and-the-arts/other/17025/juvenile-justice-system-in-comparison-to-criminal-justice-system-in-india/naincy-goyal,International Journal of Trend in Scientific Research and Development,article,
101,2022-07-28 10:57:28,Critical Analysis of Admissibility of Forensic Evidence in the Indian Criminal Justice System,['Nanda Kishore M'],https://www.ijtsrd.com/other-scientific-research-area/other/49788/critical-analysis-of-admissibility-of-forensic-evidence-in-the-indian-criminal-justice-system/nanda-kishore-m,INTERNATIONAL JOURNAL OF TREND IN SCIENTIFIC RESEARCH AND DEVELOPMENT,article,
102,2020-06-10 06:46:25,Roles Benefits and Challenges of Forensic Facial Image Comparison and the Nigerian Criminal Justice System,['Oluka Nduka Lucas | Igwe Elijah Onyedikachi | Ativie C. Ailende'],https://www.ijtsrd.com/management/randd-management/30523/roles-benefits-and-challenges-of-forensic-facial-image-comparison-and-the-nigerian-criminal-justice-system/oluka-nduka-lucas,International Journal of Trend in Scientific Research and Development,article,
103,2020-12-02 12:32:33,Use of Scientific and Modern Techniques in Forensic Science and Their Utility in Criminal Justice System An Indian Perspective,['Sanjeev Kumar | Deeksha'],https://www.ijtsrd.com/management/law-and-management/35703/use-of-scientific-and-modern-techniques-in-forensic-science-and-their-utility-in-criminal-justice-system-an-indian-perspective/sanjeev-kumar,International Journal of Trend in Scientific Research and Development,article,
104,2018-11-06 00:00:00,State criminal justice information systems.,['Robert R. J. Gallati'],http://dblp.uni-trier.de/db/conf/afips/afips71f.html#Gallati71,,inproceedings,
105,2011-11-25 00:00:00,Automation of American Criminal Justice.,['J. William Holland'],http://dblp.uni-trier.de/db/books/collections/encyclopedia2005.html#Holland05,,incollection,1-59140-553-X
106,2019-10-19 00:00:00,Elapsed times in criminal justice systems.,"['Niels Netten', 'Susan W. van den Braak', 'Sunil Choenni', 'Erik Leertouwer']",http://dblp.uni-trier.de/db/conf/icegov/icegov2014.html#NettenBCL14,,inproceedings,978-1-60558-611-3
107,2012-01-12 12:49:05,Theory and research in criminal justice,['John A. Hrsg. Conley'],,,book,0-87084-014-2
108,2016-08-10 00:00:00,Criminal justice dynamics: A planning model.,['Jonathan F. Bard'],http://dblp.uni-trier.de/db/conf/wsc/wsc1977.html#Bard77,,inproceedings,
109,2018-11-06 00:00:00,Integrated criminal justice: ARJIS case study.,"['Steve Sawyer', 'Michael Tyworth']",http://dblp.uni-trier.de/db/conf/dgo/dgo2006.html#SawyerT06,,inproceedings,
110,2020-11-18 11:23:28,Racial equity in algorithmic criminal justice,['Aziz Z Huq'],,Duke Law Journal,article,
111,2020-05-20 00:00:00,A Quantitative Theory of Criminal Justice.,['Gerald Rabow'],http://dblp.uni-trier.de/db/journals/tsmc/tsmc4.html#Rabow74,IEEE Trans. Syst. Man Cybern.,article,
112,2020-10-12 00:00:00,Computers in criminal justice - Realising the potential.,['A. D. Maclean'],http://dblp.uni-trier.de/db/journals/clsr/clsr4.html#Maclean88,Comput. Law Secur. Rev.,article,
113,2020-07-16 00:00:00,HyperMinor: hypertext on juvenile criminal justice (abstract).,['Isadora Bombonati'],http://dblp.uni-trier.de/db/journals/sigweb/sigweb5.html#Bombonati96,SIGWEB Newsl.,article,
114,2020-08-12 00:00:00,Using Coplink to Analyze Criminal-Justice Data.,"['Roslin V. Hauck', 'Homa Atabakhsh', 'Pichai Ongvasith', 'Harsh Gupta', 'Hsinchun Chen']",http://dblp.uni-trier.de/db/journals/computer/computer35.html#HauckAOGC02,Computer,article,
115,2015-06-11 00:00:00,Crisis modeling of the criminal justice system.,"['Augusto Legasto', 'Amador Muriel', 'Morton Norman']",http://dblp.uni-trier.de/db/conf/wsc/wsc1982.html#LegastoMN82,,inproceedings,
116,2016-06-19 00:00:00,Models of a Total Criminal Justice System.,"['Alfred Blumstein', 'Richard Larson']",http://dblp.uni-trier.de/db/journals/ior/ior17.html#BlumsteinL69,Operations Research,article,
117,2020-02-20 00:00:00,Soviet white-collar crime and criminal justice.,['Jack Bologna'],http://dblp.uni-trier.de/db/journals/compsec/compsec7.html#Bologna88c,Comput. Secur.,article,
118,2020-05-20 00:00:00,The Equivalence Concept in Criminal Justice Systems.,"['Michael K. Sain', 'John J. Uhran Jr.']",http://dblp.uni-trier.de/db/journals/tsmc/tsmc5.html#SainU75,IEEE Trans. Syst. Man Cybern.,article,
119,2015-06-15 00:00:00,Simulation of a criminal justice system model.,"['John L. Ballard', 'David E. Douglas']",http://dblp.uni-trier.de/db/conf/wsc/wsc1979.html#BallardD79,,inproceedings,
120,2018-12-21 00:00:00,Machine Learning Risk Assessments in Criminal Justice Settings,['Richard Berk'],,,book,978-3-030-02271-6
121,2020-04-01 00:00:00,Privacy and security of computerized criminal justice systems.,['Melvin F. Bockelman'],http://dblp.uni-trier.de/db/journals/sigcas/sigcas6.html#Bockelman75,SIGCAS Comput. Soc.,article,
122,2014-06-07 00:00:00,Building a Criminal Justice Data Archive for Australia.,"['Toby Burrows', 'Leanne den Hartog']",http://dblp.uni-trier.de/db/conf/iassist/iassist2011.html#BurrowsH11,,inproceedings,
123,2009-01-08 00:00:00,A study of integrated criminal justice data base system.,"['Weiping Chang', 'Chichao Lu', 'WenYuan Jen']",http://dblp.uni-trier.de/db/conf/isi/isi2008.html#ChangLJ08,,inproceedings,978-1-4244-2414-6
124,2014-02-27 00:00:00,High-Level Simulation Model of a Criminal Justice System.,"['Vahid Dabbaghian', 'Payman Jula', 'Peter B. Borwein', 'E. Fowler', 'Christopher Giles', 'N. Richardson', 'Alexander R. Rutherford', 'Alexa van der Waall']",http://dblp.uni-trier.de/db/series/isrl/isrl52.html#DabbaghianJBFGRRW14,,incollection,978-3-642-39148-4
125,2016-08-10 00:00:00,Simulation modeling of the criminal justice system and process.,['Haig E. Bohigian'],http://dblp.uni-trier.de/db/conf/wsc/wsc1977.html#Bohigian77,,inproceedings,
126,2018-11-02 00:00:00,A Data Space System for the Criminal Justice Chain.,"['Jan van Dijk', 'Sunil Choenni', 'Erik Leertouwer', 'Marco R. Spruit', 'Sjaak Brinkkemper']",http://dblp.uni-trier.de/db/conf/otm/otm2013.html#DijkCLSB13,,inproceedings,978-3-642-41029-1
127,2013-06-14 00:00:00,Preserving privacy whilst integrating data: Applied to criminal justice.,"['Sunil Choenni', 'Jan van Dijk', 'Frans Leeuw']",http://dblp.uni-trier.de/db/journals/polity/polity15.html#ChoenniDL10,Information Polity,article,
128,2015-11-20 00:00:00,Towards privacy preserving data reconciliation for criminal justice chains.,"['Sunil Choenni', 'Jan van Dijk']",http://dblp.uni-trier.de/db/conf/dgo/dgo2009.html#ChoenniD09,,inproceedings,978-1-60558-535-2
129,2020-08-06 00:00:00,Investigating KM antecedents: KM in the criminal justice system.,"['M. Nordin', 'David J. Pauleen', 'Gary E. Gorman']",http://dblp.uni-trier.de/db/journals/jkm/jkm13.html#NordinPG09,J. Knowl. Manag.,article,
130,2009-09-07 00:00:00,An OR Missionary's Visits to the Criminal Justice System.,['Alfred Blumstein'],http://dblp.uni-trier.de/db/journals/ior/ior55.html#Blumstein07,Operations Research,article,
131,2013-11-26 00:00:00,Criminal Justice Forecasts of Risk - A Machine Learning Approach.,['Richard Berk'],http://dx.doi.org/10.1007/978-1-4614-3085-8,,book,978-1-4614-3085-8
132,2016-12-06 00:00:00,Identity Resolution in Criminal Justice Data: An Application of NORA.,['Queen Esther Booker'],http://dblp.uni-trier.de/db/conf/cisis-spain/cisis2008.html#Booker08,,inproceedings,978-3-540-88180-3
133,2011-06-15 00:00:00,Identity Resolution in Criminal Justice Data: An Application of NORA.,['Queen E. Booker'],http://dblp.uni-trier.de/db/conf/cisis-spain/cisis2008.html#Booker08,,inproceedings,978-3-540-88180-3
134,2018-11-02 00:00:00,"Cognitive adaptations to criminal justice lead to ""paranoid"" norm obedience.","['Piotr M. Patrzyk', 'Martin Takác']",http://dblp.uni-trier.de/db/journals/adb/adb25.html#PatrzykT17,Adaptive Behaviour,article,
135,2015-12-14 00:00:00,Who's holding the bag? Accountability in the criminal justice system.,"['Usama Rafi Khan', 'Shehroze Farooqi', 'Umer Naeem', 'Muhammad Adeel Zaffar', 'Fareed Zaffar']",http://dblp.uni-trier.de/db/conf/amcis/amcis2015.html#FarooqiNRZZ15,,inproceedings,
136,2020-02-20 00:00:00,Justice Department Conducting Criminal Probe in Former CIA Director Activities.,['Bill Hancock'],http://dblp.uni-trier.de/db/journals/compsec/compsec19.html#HancockY00r,Comput. Secur.,article,
137,2011-05-03 17:01:48,To Serve and Protect: Privatization and Community in Criminal Justice,['Bruce L. Benson'],,,misc,0814713270
138,2015-09-07 23:03:25,"The administration of criminal justice in Palestine: development, reform and challenges",['Mustafa Abdelbaqi'],,,phdthesis,
139,2015-11-20 00:00:00,Integrated criminal justice systems: designing effective systems for inter-organizational action.,"['Steve Sawyer', 'Michael Tyworth']",http://dblp.uni-trier.de/db/conf/dgo/dgo2005.html#SawyerT05,,inproceedings,
140,2020-06-14 12:11:19,Fairness in criminal justice risk assessments: The state of the art,"['Richard Berk', 'Hoda Heidari', 'Shahin Jabbari', 'Michael Kearns', 'Aaron Roth']",,Sociological Methods & Research,article,
141,2008-04-28 13:05:01,The clearance rate as a measure of criminal justice system effectiveness,['Philip J. Cook'],http://www.sciencedirect.com/science/article/B6V76-45DN09T-84/1/95e673f311d3538ff6749a1ee07b9d50,Journal of Public Economics,article,
142,2019-06-06 00:00:00,The Runciman Report on Criminal Justice- it's implication for information work.,['Tamara Eisenschitz'],http://dblp.uni-trier.de/db/journals/jis/jis20.html#Eisenschitz94,J. Inf. Sci.,article,
143,2020-10-12 00:00:00,Computers in criminal justice - Realising the potential: Part II: The future.,['A. D. Maclean'],http://dblp.uni-trier.de/db/journals/clsr/clsr4.html#Maclean88a,Comput. Law Secur. Rev.,article,
144,2003-09-03 00:00:00,"14th Annual BILETA Conference - CYBERSPACE 1999: Crime, Criminal Justice and the Internet.",['Paul Maharg'],http://dblp.uni-trier.de/db/journals/jilt/jilt1999.html#Maharg99a,"Journal of Information, Law and Technology",article,
145,2020-05-22 00:00:00,Electronic monitoring in criminal justice system: an alternative supervision with IT perspective.,"['Atsuko Miyakawa', 'Binshan Lin', 'Jason C. H. Chen']",http://dblp.uni-trier.de/db/journals/ijtm/ijtm31.html#MiyakawaLC05,Int. J. Technol. Manag.,article,
146,2016-08-10 00:00:00,Simulation in criminal justice: A case study of the juvenile court system.,"['Thomas Moranian', 'Nachum Finger', 'Nelson M. Fraiman']",http://dblp.uni-trier.de/db/conf/wsc/wsc1977.html#MoranianFF77,,inproceedings,
147,2015-11-20 00:00:00,DNA and the Criminal Justice System: A Web-Based Community of Practice.,"['David Lazer', 'Maria Christina Binz-Scharf', 'Birgit Rabl']",http://dblp.uni-trier.de/db/conf/dgo/dgo2004.html#LazerBR04,,inproceedings,
148,2018-11-02 00:00:00,Model-based lawmaking and the curious case of the Colombian criminal justice system.,['Camilo Olaya'],http://dblp.uni-trier.de/db/journals/kybernetes/kybernetes39.html#Olaya10,Kybernetes,article,
149,2019-10-19 00:00:00,On Enabling Smart Government: A Legal Logistics Framework for Future Criminal Justice Systems.,"['Niels Netten', 'Mortaza S. Bargh', 'Susan W. van den Braak', 'Sunil Choenni', 'Frans Leeuw']",http://dblp.uni-trier.de/db/conf/dgo/dgo2016.html#NettenBBCL16,,inproceedings,978-1-4503-4339-8
150,2019-06-02 00:00:00,Optimized Scoring Systems: Toward Trust in Machine Learning for Healthcare and Criminal Justice.,"['Cynthia Rudin', 'Berk Ustun']",http://dblp.uni-trier.de/db/journals/interfaces/interfaces48.html#RudinU18,Interfaces,article,
151,2015-12-01 11:33:23,Understanding Justice: Criminal Courtroom Interpretation in Eighteenth-Century London and Twenty-First-Century Toronto,['Karen A Macfarlane'],http://id.erudit.org/iderudit/018827ar,"TTR : traduction, terminologie, rédaction",article,0835-8443
152,2015-12-01 11:33:23,Interpreters and their Impact on the Criminal Justice System: The Alejandro Ram\'ırez Case,['Isabel Framer'],http://www.najit.org/proteus/v9n1-2/framer{\_}v9n1-2.htm,Proteus,article,
153,2014-12-04 00:00:00,Eliciting Domain Knowledge for Decision Support: A Case Study in the Criminal Justice System.,"['Owusu-Ansah Agyapong', 'Patrick O. Bobbie']",http://dblp.uni-trier.de/db/conf/seke/seke1996.html#AgyapongB96,,inproceedings,0-9641699-3-2
154,2020-10-08 00:00:00,Establishing a criminal justice cyber lab to develop and enhance professional and educational opportunities.,"['Brooke Nodeland', 'Scott Belshaw']",http://dblp.uni-trier.de/db/journals/sap/sap3.html#NodelandB20,Secur. Priv.,article,
155,2017-05-23 00:00:00,A Sample of digital forensic quality assurance in the South African criminal justice system.,['Jason Jordaan'],http://dblp.uni-trier.de/db/conf/issa/issa2012.html#Jordaan12,,inproceedings,978-1-4673-2160-0
156,2003-03-24 00:00:00,Human Computer Interaction Within the Criminal Justice System: A Study of the Probation Service.,"['P. J. Baugh', 'Alan C. Gillies']",http://dblp.uni-trier.de/db/conf/hci/hci1993-1.html#BaughG93,,inproceedings,0-444-89540-X
157,2020-05-20 00:00:00,"Comments on Ä Quantitative Theory of Criminal Justice"" -Walking the Line in Societal Engineering.",['Allen D. Allen'],http://dblp.uni-trier.de/db/journals/tsmc/tsmc5.html#Allen75,IEEE Trans. Syst. Man Cybern.,article,
158,2015-01-07 00:00:00,"Routines, artefacts and technological change: investigating the transformation of criminal justice in England and Wales.",['Federico Iannacci'],http://dblp.uni-trier.de/db/journals/jitech/jitech29.html#Iannacci14,JIT,article,
159,2014-07-21 00:00:00,Interorganizational Information Integration in the Criminal Justice Enterprise: Preliminary Lessons from State and County Initiatives.,"['José Ramón Gil-García', 'Carrie A. Schneider', 'Theresa A. Pardo', 'Anthony M. Cresswell']",http://dblp.uni-trier.de/db/conf/hicss/hicss2005-5.html#Gil-GarciaSPC05,,inproceedings,0-7695-2268-8
160,2014-07-21 00:00:00,Governance Structures in Cross-Boundary Information Sharing: Lessons from State and Local Criminal Justice Initiatives.,"['Theresa A. Pardo', 'José Ramón Gil-García', 'G. Brian Burke']",http://dblp.uni-trier.de/db/conf/hicss/hicss2008.html#PardoGB08,,inproceedings,0-7695-3075-3
161,2014-06-06 00:00:00,"Enabling Discovery, Integration, and Understanding of Criminal Justice Statistical Information: Developing a Metadata Application Profile.","['Carol A. Hert', 'Sheila O. Denn']",http://dblp.uni-trier.de/db/conf/iassist/iassist2006.html#HertD06,,inproceedings,
162,2015-09-10 01:18:45,"Bargaining in the criminal justice systems of the United States and Germany: a matter of justice and administrative efficiency within legal, cultural context",['Susanne Kobor'],,,phdthesis,
163,2020-09-04 00:00:00,The Police and Criminal Justice Authorities Directive: Data protection standards and impact on the legal framework.,['Thomas Marquenie'],http://dblp.uni-trier.de/db/journals/clsr/clsr33.html#Marquenie17,Comput. Law Secur. Rev.,article,
164,2018-06-26 00:00:00,Beliefs about Computing: Contrary Evidence from a Study of Mobile Computing Use among Criminal Justice Personnel.,"['Andrea H. Tapia', 'Steve Sawyer']",http://dblp.uni-trier.de/db/conf/ifip8-2/ifip8-2-2005.html#TapiaS05,,inproceedings,978-0-387-27560-4
165,2011-05-03 17:01:48,In the Name of Justice: Leading Experts Reexamine the Classic Article ''The Aims of the Criminal Law,['Timothy Lynch'],,,misc,193399522X
166,2020-02-19 00:00:00,Re-conceptualizing statistical abstracts in the 21st century: An empirical study of sourcebook of Criminal Justice Statistics.,"['Carol A. Hert', 'Lydia Eato Harris']",http://dblp.uni-trier.de/db/journals/giq/giq23.html#HertH06,Gov. Inf. Q.,article,
167,2020-09-09 00:00:00,Data processing by police and criminal justice authorities in Europe - The influence of the Commission's draft on the national police laws and laws of criminal procedure.,"['Matthias Bäcker', 'Gerrit Hornung']",http://dblp.uni-trier.de/db/journals/clsr/clsr28.html#BackerH12,Comput. Law Secur. Rev.,article,
168,2014-02-27 00:00:00,Celerity in the Courts: The Application of Fuzzy Logic to Model Case Complexity of Criminal Justice Systems.,"['Andrew A. Reid', 'Richard Frank']",http://dblp.uni-trier.de/db/series/isrl/isrl52.html#ReidF14,,incollection,978-3-642-39148-4
169,2018-10-08 00:00:00,A Big Data Analytics Platform for Information Sharing in the Connection Between Administrative Law and Criminal Justice.,"['Na Li', 'Jiangbin Zheng', 'Mingchen Feng']",http://dblp.uni-trier.de/db/conf/bics/bics2018.html#LiZF18,,inproceedings,978-3-030-00563-4
170,2014-06-10 00:00:00,Reconceptualizing Statistical Abstracts in the 21st Century: An Empirical Study of the Sourcebook of Criminal Justice Statistics.,"['Carol A. Hert', 'Lydia Eato Harris']",http://dblp.uni-trier.de/db/conf/iassist/iassist2004.html#HertH04,,inproceedings,
171,2011-02-17 13:56:07,"Victimology, Victim Assistance and Criminal Justice: Perspectives
   Shared by International Experts at the Inter-University Centre of
   Dubrovnik",['Marc Coester'],,EUROPEAN JOURNAL OF SOCIAL WORK,article,
172,2020-04-16 00:00:00,"Outreach, Teaching and Research Facilitated by a Forensics Training Center in Direct Support of Public Safety and Criminal Justice.","['Rayford B. Vaughn', 'David A. Dampier']",http://dblp.uni-trier.de/db/journals/isca/isca16.html#VaughnD09,Int. J. Comput. Their Appl.,article,
173,2020-07-17 00:00:00,Measuring the quantity and quality of scholarly productivity in criminology and criminal justice: a test of three integrated models.,['Glenn D. Walters'],http://dblp.uni-trier.de/db/journals/scientometrics/scientometrics102.html#Walters15,Scientometrics,article,
174,2020-09-11 00:00:00,Through a computational lens: using dual computer-criminology degree programs to advance the study of criminology and criminal justice practice.,"['Colby L. Valentine', 'Carter Hay', 'Kevin M. Beaver', 'Thomas G. Blomberg']",http://dblp.uni-trier.de/db/journals/secinf/secinf2.html#ValentineHBB13,Secur. Informatics,article,
175,2004-02-26 00:00:00,The Design of an Expert System for Domain Knowledge Engineering and Decision Making: A Case Study in the Criminal Justice System.,"['Owusu-Ansah Agyapong', 'Patrick O. Bobbie']",http://dblp.uni-trier.de/db/journals/ijseke/ijseke8.html#AgyapongB98,International Journal of Software Engineering and Knowledge Engineering,article,
176,2016-05-30 20:06:17,Gacaca courts versus the International Criminal Tribunal for Rwanda and national courts: lessons to learn from the Rwandan justice approaches to genocide,['Charity Wibabara'],,,phdthesis,
177,2016-05-30 19:06:20,Developments in customary international law: theory and the practice of the International Court of Justice and the international ad hoc criminal tribunals for Rwanda and Yugoslavia,['Birgit Schlütter'],,,phdthesis,
178,2018-09-01 13:52:41,The Political Economy of Criminal Justic System Reform in Nigeria (2000-2009),['Dr. Gbenemene Kpae Dr. Comfort Nwideeduh'],http://www.ijtsrd.com/humanities-and-the-arts/political-science/2245/the-political-economy-of-criminal-justic-system-reform-in-nigeria-2000-2009/dr-gbenemene-kpae,546-552,article,
179,2020-09-10 00:00:00,At the intersection of criminal justice involvement and sexual orientation: Dynamic networks and health among a population-based sample of young Black men who have sex with men.,"['John A. Schneider', 'N. Lancki', 'Phillip Schumm']",http://dblp.uni-trier.de/db/journals/socnet/socnet51.html#SchneiderLS17,Soc. Networks,article,
180,2009-08-21 09:46:50,The costs of crime,,http://gso.gbv.de/DB=2.1/CMD?ACT=SRCHA&SRT=YOP&IKT=1016&TRM=ppn+021849897&sourceid=fbw_bibsonomy,,book,080391198X
181,2019-03-20 18:49:19,Explaining officer compliance: The importance of procedural justice and trust inside a police organization,"[' Haas, Nicole E.', ' Van Craen, M.', ' Skogan, Welsey G.', ' Fleitas, Diego M']",,Criminology and Criminal Justice,article,
182,2010-02-22 16:27:58,Cross-Sectional Jury Representation or Systematic Jury Representation? Simple Random and Cluster Sampling Strategies in Jury Selection,"['Hiroshi Fukurai', 'Edgar Butler', 'Richard Krooth']",http://www.sciencedirect.com/science/article/B6V75-47DV3DR-4/2/03567e7b60a78f71320eb48994be520b,Journal of Criminal Justice,article,
183,2010-02-22 16:27:58,"Race, Social Class, and Jury Participation: New Dimensions for Evaluating Discrimination in Jury Service and Jury Selection",['Hiroshi Fukurai'],http://www.sciencedirect.com/science/article/B6V75-3VWPM1N-6/2/fac65bc10ace53e4c1105e2c95d2ba8f,Journal of Criminal Justice,article,
184,2010-10-13 10:02:25,"Criminological theory in the digital age: The case of social learning
   theory and digital piracy","['Robert G. Morris', 'George E. Higgins']",,JOURNAL OF CRIMINAL JUSTICE,article,
185,2017-06-14 12:13:13,The Italian Constitutional Court and ‘Constructive Contestation’ A Miscarried Attempt?,['Raffaela Kunz'],http://jicj.oxfordjournals.org.proxy-ub.rug.nl/content/14/3/621,J Int Criminal Justice,article,
186,2021-12-09 15:05:04,Stop explaining black box machine learning models for high stakes decisions and use interpretable models instead,['Cynthia Rudin'],https://doi.org/10.1038/s42256-019-0048-x,Nature Machine Intelligence,article,
187,2021-06-18 20:34:44,Stop explaining black box machine learning models for high stakes decisions and use interpretable models instead,['Cynthia Rudin'],https://doi.org/10.1038/s42256-019-0048-x,Nature Machine Intelligence,article,
188,2019-12-30 02:11:03,"Stop Explaining Black Box Machine Learning Models for High Stakes
  Decisions and Use Interpretable Models Instead",['Cynthia Rudin'],http://arxiv.org/abs/1811.10154,,misc,
189,2014-11-25 20:39:27,Labeling deviant behavior: its sociological implications,['Edwin M. Schur'],https://www.ojp.gov/ncjrs/virtual-library/abstracts/labeling-deviant-behavior-its-sociological-implications,,book,0-06-045812-7
190,2020-09-30 00:02:28,Mafia and anti-mafia in the Republic of Georgia : criminal resilience and adaptation since the collapse of Communism,['Gavin Victor Slade'],https://ethos.bl.uk/OrderDetails.do?uin=uk.bl.ethos.568400,,misc,
191,2015-12-01 11:33:23,Report on the ImplementatIon of the RIght to InterpretatIon and Translation Services In Criminal Proceedings,"['Orla Ryan', 'GrAce Mulvey', 'Amanda Oi']",http://www.hrmi.lt/uploaded/Documents/Report{\_}Right{\_}to{\_}Interpretation{\_}Justicia.pdf,,book,
192,2022-07-13 10:35:28,TOWARDS A CLEARER CONSTITUTIONAL MEANING OF THE “BEST INTEREST OF JUSTICE TEST” IN SECTION 3(1) (C) OF THE SOUTH AFRICAN LAW OF EVIDENCE AMENDMENT ACT 45 OF 1988 (THE LEAA),['Mampolokeng ’Mathuso Mary-Elizabeth Monyakane'],http://dblp.uni-trier.de/db/conf/etra/etra2010.html#BeeldersB10,,inproceedings,978-1-60558-994-7
193,2009-11-07 13:09:50,"The murderous Dutch fiddler: Criminology, history and the problem of phrenology",['Nicole Rafter'],http://tcr.sagepub.com/cgi/content/abstract/9/1/65,Theoretical Criminology,article,
194,2021-09-19 18:40:37,Violent Video Games and Aggression,"['Christopher J. Ferguson', 'Stephanie M. Rueda', 'Amanda M. Cruz', 'Diana E. Ferguson', 'Stacey Fritz', 'Shawn M. Smith']",,,article,
195,2009-09-10 21:56:16,"Jewish Crimes and Misdemeanours: In Search of Jewish Criminality (Germany and Austria, 1890-1914)",['Daniel Vyleta'],http://ehq.sagepub.com/cgi/content/abstract/35/2/299,European History Quarterly,article,
196,2009-11-07 13:09:50,Cultural criminology and kryptonite: Apocalyptic and retributive constructions of crime and justice in comic books,"['Nickie D. Phillips', 'Staci Strobl']",http://cmc.sagepub.com/cgi/content/abstract/2/3/304,Crime Media Culture,article,
197,2008-04-27 23:42:39,How Not To Think About Crime in the Media,['Aaron Doyle'],,Canadian Journal of Criminology and Criminal Justice,article,
198,2018-09-01 11:23:56,Bayesian Analysis as a Method to determine the Limitations and Advances of e-Justice,['MarÃ\xada Esther HernÃ¡ndez-RÃ\xados Joselito FernÃ¡ndez Tapia Guillermo Alfonso De la Torre-Gea'],http://www.ijtsrd.com/other-scientific-research-area/other/2402/bayesian-analysis-as-a-method-to-determine--the-limitations-and-advances-of-e-justice/marÃ­a-esther-hernÃ¡ndez-rÃ­os,International Journal of Trend in Scientific Research and Development,article,
199,2012-08-06 12:38:08,Safeguarding future generations: challenging and prosecuting perpetrators,['Sue Jago'],http://youthandpolicy.org/index.php?option=com_content&view=category&layout=blog&id=35&Itemid=70,Youth and Policy,article,
